Turbidity(1),pH(1),TOC(1),COD(1),PAC,NAOH,FLOCCULANT,pH(2),TOC(2),COD(2),Turbidity(2),,,,
250,7.2,31.838891885293425,2280.011296888192,2.390005648444096,2.750005648444096,18.30945159109081,7.1,1.7758633527749006,131.10352787204386,6.5,,,,
240,7.3,30.70348679421626,2138.6161812414084,2.2693080906207044,2.6093080906207042,17.621051487728835,7.1,1.6485432629898442,137.20968230537034,6.4,,,,
240,7.3,30.52754023410834,2057.707494514717,2.228853747257358,2.568853747257358,17.49262386431153,7.1,0.9544680784952022,106.17702086670253,2.4,,,,
240,7.4,30.372674061809512,2251.1057918321894,2.3255528959160947,2.6455528959160945,17.51188992682085,7.1,0.7175487045817173,84.48801968406647,2.4,,,,
210,7.3,27.21226928940256,1920.1606959429587,2.0100803479714795,2.3500803479714794,15.61621499267276,7.1,1.4537728516675312,133.13391680338694,4.1,,,,
180,7.2,22.567685888894726,1879.196525111473,1.8395982625557366,2.1995982625557366,13.123441207003099,7.1,1.6122171025510177,118.9574603581631,5.8,,,,
338,7.1,42.61051638955553,2797.852016152443,3.0889260080762213,3.468926008076221,24.394184202853985,7.1,0.8414944690315828,100.17265707995813,6.38,,,,
75,7.1,10.028302813758941,1016.7547744530543,0.8833773872265271,1.2633773872265273,5.897528794105998,7.1,0.20911870618533668,52.965359783490875,0.75,,,,
292,7.1,36.53932593845203,2666.438208184026,2.793219104092013,3.173219104092013,21.06288207331803,7.1,1.735131526629584,135.5781546510342,6.92,,,,
161,7.1,20.9182149379116,1728.9293261505193,1.6694646630752596,2.0494646630752595,12.12857213203106,7.1,1.0943880780650481,97.85206084003298,2.6100000000000003,,,,
257,7.2,32.83380854906113,2404.69613004179,2.4873480650208952,2.847348065020895,18.904252339551462,7.1,1.3418685480706116,95.19584998037791,6.57,,,,
87,7.1,11.096920958758409,1171.0090994430213,1.0205045497215106,1.4005045497215107,6.568965029100715,7.2,0.8596896035451523,72.30075541979944,4.87,,,,
56,7,7.216897372523493,576.4476370964566,0.5682238185482282,0.9682238185482283,4.176672504809975,7.2,1.2140089388114683,96.26855420631104,3.56,,,,
120,6.9,15.475661456679408,1075.4910103141233,1.1377455051570617,1.5577455051570617,8.875576233496766,7.2,0.6133436031546649,48.02730339558922,3.2,,,,
135,6.8,17.545272600895526,1509.8069012555227,1.4299034506277613,1.8699034506277612,10.202539751075523,7.4,0.42397817326666337,72.28664674253312,1.35,,,,
342,6.8,43.673361264226216,3145.7483983820252,3.2828741991910126,3.7228741991910126,25.11955483130412,7.1,0.4317950100431185,42.77129062267335,3.42,,,,
298,6.8,37.79013383874768,2530.9882980023563,2.755494149001178,3.195494149001178,21.65056106837502,7.1,1.5105413321531083,135.65356259349272,6.98,,,,
196,6.7,25.409416427247432,2017.383818489341,1.9886919092446704,2.4486919092446704,14.693400122868386,7.1,1.216744803520537,90.4381778182733,4.96,,,,
192,6.8,24.673514146141986,1933.7578770608031,1.9268789385304015,2.3668789385304017,14.263636011601395,7.1,1.130317818152233,95.07970472543845,3.92,,,,
133,6.9,17.289622882307874,1502.9566187030882,1.416478309351544,1.836478309351544,10.06128975050548,7.1,1.2812454307630514,89.43721670730919,2.33,,,,
199,6.7,25.204295928064973,1926.6663475400283,1.958333173770014,2.418333173770014,14.560481137802501,7.1,0.8482367742241417,79.59068000189679,1.99,,,,
335,6.8,42.390195417267336,2764.192115870575,3.0570960579352873,3.497096057935287,24.252193766568954,7.1,1.173521344078527,118.75832333286867,7.35,,,,
90,6.7,11.638789598313023,1043.6049550954076,0.9718024775477039,1.4318024775477038,6.7911972767042155,7.1,0.5583018074525643,83.61471206205898,1.9,,,,
85,6.8,11.363733502021026,826.5514771253036,0.8382757385626518,1.2782757385626518,6.520142489573164,7.1,0.4363759890684488,63.055311322243824,0.85,,,,
75,6.9,10.201205074788582,826.4747146368921,0.788237357318446,1.208237357318446,5.888839894712737,7.2,0.9242831080428163,103.30555269865462,4.75,,,,
118,6.8,15.711027175302585,1434.0836848687602,1.30704184243438,1.7470418424343799,9.162555430085671,7.2,0.5925032904593688,67.73520400848086,3.1799999999999997,,,,
196,6.8,25.286299604391708,1949.7505754722858,1.9548752877361428,2.3948752877361428,14.598025089931998,7.2,0.6166384549985303,52.23158420990888,2.96,,,,
329,6.9,41.72985722640225,2986.25114803694,3.1381255740184697,3.5581255740184696,24.003054187219597,7.1,1.335667380428239,112.81137758655082,4.29,,,,
89,7.2,11.98894047269633,1108.3143093071724,0.9991571546535862,1.359157154653586,6.993627391001751,7.1,1.0513528269606578,98.18387527156078,0.89,,,,
151,7.3,19.600695976318836,1579.2431505317677,1.5446215752658838,1.884621575265884,11.344969563425302,7,0.8749415036087145,69.2463732237403,3.51,,,,
177,7.3,22.352690498892557,1682.8668109313385,1.7264334054656691,2.066433405465669,12.902778654911948,7.2,1.1702621616223832,116.55625402058776,4.77,,,,
110,7.3,14.733262005545443,1356.4622443438175,1.2282311221719087,1.5682311221719087,8.59486212494463,7.2,0.8911353232498822,71.2503900414927,1.1,,,,
69,7.4,9.192958626926808,938.9634348694622,0.8144817174347311,1.134481717434731,5.410961030898135,7.1,0.7918534740126739,69.09491538878578,0.69,,,,
338,7.5,42.38045957594173,2984.588493708387,3.1822942468541937,3.4822942468541935,24.37252403482506,7.1,1.3028527021672391,108.77686753436883,5.38,,,,
173,7.4,22.06303932374148,1830.908438071972,1.780454219035986,2.100454219035986,12.811973880906727,7.2,1.285176570070413,114.6809473443656,5.73,,,,
231,7.5,28.949537085137006,2029.8712992784945,2.169935649639247,2.469935649639247,16.64470419220775,7.1,1.1190451180107235,111.38079731666485,4.3100000000000005,,,,
342,7.4,43.40929157121453,3024.376077415301,3.2221880387076505,3.5421880387076503,24.926833824314915,7.1,1.669993271773611,126.53958284996388,5.42,,,,
168,7.4,21.712703305075273,1549.187604914667,1.6145938024573334,1.9345938024573335,12.47094545499497,7.2,0.9096794556654337,89.40012625125689,1.68,,,,
157,7.6,20.613128277021595,1747.0139531753389,1.6585069765876694,1.9385069765876695,11.965071115098468,7.2,1.420992314188078,117.10152347966084,5.57,,,,
319,7.8,40.68896202120438,2996.7156453146717,3.093357822657336,3.3333578226573364,23.437838833259526,7.2,1.4713630388773167,116.22450841039364,6.1899999999999995,,,,
262,7.7,33.12601483850432,2374.812919987268,2.497406459993634,2.757406459993634,19.060413879245793,7.2,1.4037466226111608,97.03229060189197,5.62,,,,
260,7.6,33.08646367376538,2391.3607477734536,2.495680373886727,2.7756803738867273,19.038912210769418,7.3,1.4530330649013354,109.0880500238828,5.6,,,,
81,7.6,10.362220496128447,1051.4576707599638,0.930728835379982,1.210728835379982,6.111839083444206,7.3,1.0295103662258955,104.82964270600553,4.8100000000000005,,,,
312,7.6,39.83444714706125,2894.7357231177975,3.007367861558899,3.287367861558899,22.92459143508952,7.4,1.3659377268588422,95.68813906524821,5.12,,,,
288,7.7,36.14679109146604,2606.101047670895,2.7430505238354472,3.003050523835447,20.816446069568467,7.2,0.7954989885470054,92.32093728991433,2.88,,,,
312,7.8,39.647222650113235,2939.1278043070206,3.0295639021535106,3.269563902153511,22.85317522721013,7.1,0.9315642149660053,104.75698132789233,6.12,,,,
206,7.7,26.7172972038334,1825.4724266376709,1.9427362133188355,2.2027362133188353,15.301384815235537,7.1,1.1148736813179807,88.1221682417148,2.06,,,,
130,7.7,16.80853937502947,1219.129441251827,1.2595647206259135,1.5195647206259135,9.663834408140648,7.1,1.1205128624270575,104.47179747047757,1.3,,,,
231,7.6,29.851904434261904,1958.818074924238,2.134409037462119,2.414409037462119,17.060361254593072,7.1,1.0958251355538948,86.94115840434148,4.3100000000000005,,,,
171,7.6,21.624762536588452,1668.735277268484,1.689367638634242,1.969367638634242,12.501748906928468,7.1,0.252030084605781,26.625865245558423,1.71,,,,
115,7.5,14.897940299729596,1032.6722985832348,1.0913361492916174,1.3913361492916174,8.540306299156416,7.1,1.242717752485286,124.04850065408773,2.15,,,,
97,7.4,12.382331710462518,1034.704566048676,1.0023522830243379,1.3223522830243377,7.193518138255596,7.1,0.5387289509309634,68.40119495771972,1.97,,,,
145,7.5,18.66187104805475,1413.0360049793944,1.4315180024896972,1.7315180024896972,10.762453526517072,7.1,1.186008828486211,102.53254736614508,5.45,,,,
111,7.5,14.383335174165618,1371.7667807982684,1.2408833903991343,1.5408833903991344,8.432550977481943,7.1,0.8381731413037273,94.96673476083109,4.11,,,,
58,7.4,7.709045595330431,802.9608269104867,0.6914804134552434,1.0114804134552433,4.546003211120459,7.1,0.9861806578803473,104.14320078858154,4.58,,,,
87,7.3,11.021922001225093,911.3591640759557,0.8906795820379778,1.230679582037978,6.401640582650524,7.1,0.7534927775599903,88.7165522087194,2.87,,,,
152,7.1,19.49897039740838,1479.9361646393197,1.49996808231966,1.87996808231966,11.24945328102385,7.1,0.8489005213487142,64.63183232362027,1.52,,,,
209,7.8,26.705491110684434,2148.740448862435,2.1193702244312176,2.359370224431218,15.472115779773436,7.1,1.6738146410807992,152.77650774700956,6.09,,,,
334,7.9,42.090207295753196,2999.5928523366983,3.1697964261683493,3.389796426168349,24.214900074044948,7.1,1.3041113542031693,121.85490396059649,7.34,,,,
284,8.1,36.27541986999121,2381.076031939455,2.6105380159697273,2.7905380159697275,20.748247950965332,7.2,1.2496210955075615,88.47650792146881,6.84,,,,
261,8.5,33.22498142538378,2326.9488483737946,2.468474424186897,2.5684744241868973,19.08096513687879,7.1,0.41440049180431965,44.69283049186782,2.61,,,,
290,8.4,36.505326948720906,2746.330270820696,2.823165135410348,2.9431651354103483,21.075828609770802,7.1,0.7060342715834638,76.77412483817476,4.9,,,,
127,8.3,16.448730835010174,1469.821311770631,1.3699106558853154,1.5099106558853153,9.594276073390402,7,0.8447301295197416,79.37326803022398,3.27,,,,
217,8.2,27.664772343485076,1906.2158852960747,2.038107942648037,2.198107942648037,15.870494114390574,7,0.8787176252129073,102.48049276320026,3.17,,,,
254,8.2,31.935314865288166,2377.9895216478662,2.4589947608239333,2.6189947608239335,18.426652193468016,7.1,1.2054663777946188,123.73891542326636,2.54,,,,
225,8.3,28.211599863475723,2141.119191535495,2.1955595957677474,2.335559595767747,16.30135952750561,7.1,0.8593081787122813,68.27710708016144,4.25,,,,
161,8.3,21.008076095943377,1524.5007179484894,1.5672503589742448,1.7072503589742447,12.071288406945934,7.1,0.607113352358313,79.64102784621541,2.6100000000000003,,,,
249,8.2,31.45641080162789,2330.2974697009295,2.410148734850465,2.570148734850465,18.13835413566441,7.1,0.9571563443331735,100.34369334865676,6.49,,,,
236,8.2,30.247300165560493,2070.3326102647507,2.2151663051323753,2.3751663051323755,17.338816387912622,7.1,1.475108242650825,118.45671104435115,5.359999999999999,,,,
206,8.1,26.682169560058725,1761.294512723641,1.9106472563618206,2.090647256361821,15.251732036391182,7.1,1.464437690656416,131.7951368206978,6.0600000000000005,,,,
65,7.9,8.882602080361808,858.721328982432,0.754360664491216,0.9743606644912159,5.19566170467212,7.1,0.4790182264741007,43.69913004139424,0.65,,,,
132,7.9,16.98621836147539,1199.1455384114743,1.2595727692057372,1.4795727692057372,9.752681949943433,7.1,0.7117708255656363,83.12979118506945,3.3200000000000003,,,,
163,7.9,20.79992398313265,1580.5952869542243,1.6052976434771122,1.8252976434771122,12.005259635043437,7.1,1.4389150658011383,124.21273407967057,4.63,,,,
90,7.8,11.849043102822687,1141.6406723750065,1.0208203361875032,1.2608203361875032,6.945341887598847,7.1,1.2744870360001852,118.01819623201148,4.9,,,,
169,7.7,21.51399343438344,1529.8675929317733,1.6099337964658866,1.8699337964658866,12.366930513657607,7.3,0.34327965363952156,67.28333852565034,2.69,,,,
254,7.8,31.865640325844556,2166.6697002023625,2.3533348501011813,2.5933348501011815,18.28615501302346,7.1,1.3806681286211697,101.60142397451253,3.54,,,,
66,7.8,9.007271904640126,999.4508580876878,0.8297254290438439,1.069725429043844,5.333361381363907,7.1,0.5720352732717084,73.46618694284592,2.66,,,,
65,7.8,9.092479082167419,866.73370309438,0.75836685154719,0.99836685154719,5.304606392630899,7.1,0.9219814969913206,92.16285281346188,0.65,,,,
248,7.8,31.423399505330927,2067.2507693305174,2.2736253846652588,2.513625384665259,17.985325137330722,7.1,1.3973369029072136,124.63488798024724,5.48,,,,
132,7.8,17.30373861104407,1524.8317938847324,1.4224158969423661,1.6624158969423661,10.074285202464402,7.1,0.5925363907214942,62.73725622473264,2.3200000000000003,,,,
205,7.8,25.68981938742188,1800.7688020201567,1.9253844010100782,2.1653844010100785,14.770294094721018,7.1,0.5846348661571362,68.24736170174245,2.05,,,,
192,7.7,24.725128599173914,1821.9579731487827,1.8709789865743913,2.1309789865743913,14.233543286161348,7.1,0.4441396936076877,62.536661003676635,2.92,,,,
306,7.5,38.693297943108405,2765.984472472721,2.9129922362363603,3.21299223623636,22.259641207790562,7.1,1.85730511729485,157.15291727228072,7.0600000000000005,,,,
296,7.5,37.86936918192339,2712.90088927925,2.836450444639625,3.1364504446396246,21.77113503560132,7.1,1.0651524466500994,78.03945169230616,6.96,,,,
112,7.4,14.362069927463056,999.4483355027095,1.0597241677513547,1.3797241677513545,8.240759131482882,7.1,0.9512691006044107,98.97868423747346,5.12,,,,
217,7.1,27.18332141963796,2149.3659280175534,2.159682964008777,2.539682964008777,15.751343673827757,7.1,1.486876480481944,132.18634178988054,6.17,,,,
215,7.4,27.440358362643504,2075.3022184838974,2.1126511092419484,2.4326511092419483,15.8328302905637,7.1,0.9326852215163018,89.82648373401071,6.15,,,,
290,7.3,36.932285865977825,2617.8017236906253,2.7589008618453126,3.0989008618453124,21.225043794834225,7.1,0.7961069920010082,63.35863350406251,3.9,,,,
284,7.3,35.850382337362376,2547.7237049164673,2.693861852458234,3.0338618524582337,20.619053021139422,7.1,1.4843564281326884,119.03009854422669,6.84,,,,
221,7.3,28.015588065023405,2057.966460031451,2.1339832300157253,2.473983230015725,16.141777262527427,7.1,1.445001328962495,121.59008239567468,5.21,,,,
281,7.1,35.956323137597344,2554.2920345310354,2.6821460172655174,3.0621460172655173,20.66030758606419,7.1,0.9032604970636272,80.00215081794488,4.8100000000000005,,,,
165,7.1,21.18437125075894,1668.4310175470544,1.659215508773527,2.039215508773527,12.251401134152996,7.1,0.87875159788614,89.48259906894069,1.65,,,,
143,7.1,18.666478576953203,1415.3216717710986,1.4226608358855493,1.8026608358855494,10.755900124362151,7.1,0.567420992363808,47.1801015265561,2.4299999999999997,,,,
276,7.1,35.286702679789265,2572.7755661469346,2.6663877830734672,3.046387783073467,20.3097391229681,7.1,1.2479036338986516,113.3700253017164,3.76,,,,
321,7.8,40.25177929913126,2803.610316546138,3.0068051582730693,3.2468051582730695,23.132694807838696,7.1,1.0819447659261323,85.0805754874202,5.21,,,,
345,7.9,43.98762103795456,3020.232504353183,3.2351162521765913,3.455116252176591,25.228926771153873,7.1,1.0235428486716014,85.45965661763928,7.45,,,,
60,7.4,7.55443559543703,684.3750069170958,0.6421875034585478,0.9621875034585478,4.419405301177063,7.1,0.6946340223755422,78.06730938728361,0.6,,,,
234,7.1,29.77431673935597,1976.0076378400702,2.158003818920035,2.5380038189200347,17.04516218859802,7.1,1.5626836701053248,107.88638754653014,6.34,,,,
277,7,34.9339969012446,2440.907807877165,2.6054539039385824,3.0054539039385824,20.07245235456088,7.1,1.3091374240874685,127.16652029342305,4.77,,,,
131,7,16.722053079802077,1329.7672909477287,1.3198836454738645,1.7198836454738644,9.680910185374902,7.1,1.3255382284876907,107.18337016623683,3.31,,,,
106,7,14.207042870388866,1146.8366579641097,1.103418328982055,1.5034183289820549,8.206939764176488,7.1,0.8916726622970291,96.2837050624158,5.0600000000000005,,,,
104,7,13.525271562407248,1063.5668368692495,1.0517834184346246,1.4517834184346246,7.814419199638248,7,0.851235985526326,66.77663110263221,5.04,,,,
112,7,14.838792272569748,1040.0051208993243,1.0800025604496621,1.480002560449662,8.499398696734536,7,1.1167078461673285,105.23588646237437,4.12,,,,
152,6.9,19.522402179900475,1394.3889351538294,1.4571944675769148,1.8771944675769148,11.218395557527153,7,1.4864771196336088,120.16158141728374,4.52,,,,
252,6.8,32.23535811005247,2152.5922028232535,2.3362961014116266,2.7762961014116265,18.453975156437863,7,0.7470164758476259,59.3150215025528,3.52,,,,
297,6.8,37.206329781531124,2507.7924464549296,2.738896223227465,3.178896223227465,21.342061113993026,7,1.7510103624538198,118.56264247213683,6.970000000000001,,,,
62,6.5,8.67886316288058,986.0895160985959,0.803044758049298,1.3030447580492979,5.142476339489588,7,0.2838965025051766,66.60158315532095,0.62,,,,
142,6.4,17.853074344232382,1315.8906093424077,1.3679453046712038,1.8879453046712036,10.294482476787396,6.9,0.7120275703705389,54.14570936297341,1.42,,,,
238,6.4,29.97912184760204,2005.7055545513265,2.192852777275663,2.712852777275663,17.182413701076683,6.9,0.45235184158784436,72.04581417844635,3.38,,,,
183,6.4,23.711310980589566,1898.101280796553,1.8640506403982766,2.3840506403982764,13.71970613069306,7.1,1.103562630816969,107.42088311065208,4.83,,,,
74,6.5,9.49947360447357,962.9673634773613,0.8514836817386806,1.3514836817386806,5.601220483975466,6.9,0.7184673227232041,59.54497400883866,3.74,,,,
240,6.2,30.866760355162562,2231.739142020079,2.3158695710100394,2.8758695710100395,17.74924974859132,6.9,0.7508558129608431,91.55306040357227,2.4,,,,
82,6.1,11.23677548363574,841.6800799854159,0.830840039992708,1.4108400399927081,6.449227781810578,7,0.7876528582272408,93.83447721008893,1.8199999999999998,,,,
79,6,10.129562886377556,900.0328989554084,0.8450164494777042,1.4450164494777042,5.909797892666482,7,0.3940548866783462,70.43140297405746,0.79,,,,
236,6,29.517216965883485,2105.0674518847763,2.232533725942388,2.832533725942388,16.99114220888413,7,1.469190154384916,133.0897895718648,5.359999999999999,,,,
71,6.1,9.172264601036938,761.6804052642901,0.7358402026321451,1.3158402026321452,5.321972503150614,7,0.7866525242628013,82.77245650429367,4.71,,,,
201,6,25.854411962276647,2099.973541661152,2.054986770830576,2.654986770830576,14.982192751968899,7,0.4237845987764729,36.274645124141315,3.01,,,,
78,5.9,9.858774891022717,947.2440432434084,0.8636220216217043,1.4836220216217042,5.7930094671330625,7,0.4911761116434118,69.45291892189152,0.78,,,,
104,5.8,13.006790260141814,1105.4209961287925,1.0727104980643962,1.7127104980643963,7.576105628135304,7,1.0755750304520943,107.68565188802985,2.04,,,,
171,5.9,22.1706140610123,1608.5780717827627,1.6592890358913812,2.279289035891381,12.744596066397532,7,0.9406377112880813,95.31953809986103,5.71,,,,
348,5.9,44.140404342955726,3121.705069263255,3.3008525346316278,3.920852534631628,25.37105470610949,7,0.5691457468525423,47.28703630485762,4.48,,,,
121,5.9,15.268028625827736,1378.6177748013197,1.2943088874006599,1.9143088874006597,8.928323200314528,7.1,1.1385906482980133,110.59262019447682,2.21,,,,
152,5.9,19.58962519835569,1690.556762298053,1.6052783811490263,2.2252783811490264,11.400090980326873,7.1,1.293728055443901,102.21113943752187,3.52,,,,
210,5.9,26.691909832887397,1789.8984096390186,1.9449492048195094,2.5649492048195093,15.290904121263209,7.1,1.1219619834455985,96.5616429736271,4.1,,,,
271,6,34.81994911004921,2537.836844823051,2.623918422411525,3.223918422411525,20.03389297743613,7.1,1.5926754588815357,129.7458784506552,5.71,,,,
210,6.1,27.2292761230236,2166.215119627463,2.1331075598137317,2.7131075598137318,15.747745621325532,7.1,1.325156581390421,102.15970804620609,4.1,,,,
246,6.1,31.131461608564763,2325.1506197310155,2.392575309865508,2.972575309865508,17.958306114147888,7.1,1.5459803106815349,125.85077926225516,6.46,,,,
71,6.2,9.689035621259999,1036.7202085181198,0.8733601042590599,1.4333601042590598,5.717877914889059,7.2,0.32173197314063195,31.94738233471918,0.71,,,,
151,6.4,19.41592159806363,1518.787139079945,1.5143935695399726,2.0343935695399726,11.222354368571787,7.2,1.632573127150672,139.21953388334168,5.51,,,,
124,6.5,16.383478355045263,1473.7756580128062,1.356887829006403,1.856887829006403,9.548627006529035,7.1,1.193389139789301,84.99012666693666,4.24,,,,
328,6.5,41.5779692034815,3055.8340906158533,3.1679170453079264,3.6679170453079264,23.956901647048678,7.1,0.8885027747217493,65.08717203274846,6.279999999999999,,,,
215,6.6,27.224262290675107,1795.9042620218565,1.9729521310109281,2.452952131010928,15.585083276348481,7.1,1.2049977876011213,102.70986283126952,3.15,,,,
194,6.6,24.68061449612556,2016.1980987597847,1.9780990493798922,2.4580990493798924,14.318406297442673,7.1,0.787161432554925,78.80400881840535,3.94,,,,
149,6.7,19.030410897631132,1599.8854756531302,1.544942737826565,2.004942737826565,11.060148186642131,7,0.6287694364347779,67.98370505895623,2.49,,,,
101,6.7,13.311098673398165,1264.288117750686,1.137144058875343,1.597144058875343,7.7926933955744255,7,1.4215080392940949,136.13349843623388,5.01,,,,
74,6.8,10.156865462974341,815.7256587044092,0.7778628293522045,1.2178628293522045,5.856295560839375,7.1,0.47992875042586236,50.755582526403465,3.74,,,,
309,6.8,38.87438219581645,2608.21169614062,2.8491058480703098,3.2891058480703097,22.286296945978535,7.1,1.5700300895691297,123.34186555328604,7.09,,,,
174,6.8,22.15629181396014,1752.6900924655288,1.7463450462327645,2.1863450462327645,12.824490953212836,7.1,1.1706316832183608,109.57916435953837,5.74,,,,
274,6.8,34.68517293743375,2547.4807221208926,2.6437403610604466,3.0837403610604466,19.98632682977732,7.1,1.0411702534985205,111.55255571690827,3.74,,,,
213,6.9,27.572308571025633,2032.4831314035894,2.0812415657017946,2.5012415657017946,15.867395851214612,7.1,1.1337181512600238,96.29052537812147,5.13,,,,
88,6.7,11.452509613951142,1148.0555960649708,1.0140277980324854,1.4740277980324854,6.740282605008057,7.1,0.41599304049092034,74.79156851043706,0.88,,,,
317,6.8,39.8848281631163,2754.859346113211,2.9624296730566053,3.4024296730566053,22.904843754614756,7.1,1.2066308659506064,109.8111136889376,6.17,,,,
180,6.9,22.84940654635608,1909.663205874077,1.8548316029370384,2.2748316029370383,13.279534876115077,7.1,0.4379203951804769,54.151064501189566,1.8,,,,
321,7,40.316617659038016,2645.630294860357,2.9278151474301786,3.3278151474301785,23.086123976949185,7.1,0.8152078389284007,62.54288601356084,5.21,,,,
138,7.2,17.671919321996622,1532.6589979637906,1.4563294989818951,1.816329498981895,10.292289159980207,7.1,0.8899929749109616,103.17956444447962,4.38,,,,
204,7.2,26.12823472845388,1898.9505531641405,1.9694752765820702,2.32947527658207,15.03359264080901,7.1,1.4862201020900927,109.14564632958574,4.04,,,,
333,7.2,42.01942306154681,3067.204229815902,3.198602114907951,3.5586021149079508,24.208313645681358,7.1,0.5720638245716091,83.46795712343976,3.33,,,,
339,7.2,42.947256478414985,3113.729901661729,3.2518649508308646,3.6118649508308645,24.725493190038357,7.1,1.1713643777233766,82.62459141884935,5.390000000000001,,,,
328,7.2,41.533726938742674,2794.091070202046,3.037045535101023,3.397045535101023,23.80390900447236,7.1,1.5898123667938358,123.56836674121782,5.279999999999999,,,,
321,7.2,41.05744927061172,3013.561854777927,3.1117809273889634,3.4717809273889633,23.640505562694823,7.1,1.4158747334306996,107.78423347270338,7.21,,,,
136,7.5,17.18319275819614,1264.3579510081606,1.3121789755040805,1.6121789755040805,9.90377535460215,7.1,0.7170289715070263,93.45579623343562,5.36,,,,
186,7.8,23.545004680939257,1644.790290218234,1.752395145109117,1.992395145109117,13.524897485578746,7.1,0.7424734436617594,80.03335350702909,2.8600000000000003,,,,
258,7.4,32.55819414667834,2392.608037094057,2.4863040185470284,2.8063040185470283,18.765401091886197,7.1,0.8435289935527951,85.2987976002733,3.58,,,,
123,7.3,16.05177815820339,1210.2102458086101,1.2201051229043052,1.5601051229043053,9.245994202006,7.1,0.7874820390496637,71.82388642107915,1.23,,,,
302,7.2,38.03235793089605,2551.006191715555,2.7855030958577776,3.1455030958577774,21.8016820613058,7.1,1.3424415125400615,121.23137377748381,7.02,,,,
256,7.2,32.89627602020654,2314.5691132528054,2.4372845566264028,2.7972845566264026,18.885422566729673,7.1,1.245638592382769,100.22959272773168,6.5600000000000005,,,,
90,7.1,11.955740060658266,1101.2558837608126,1.0006279418804063,1.3806279418804064,6.9784979722095395,7.1,1.6059452861422692,137.56860774082068,4.9,,,,
91,7.1,11.766951109363022,836.5509687805073,0.8732754843902537,1.2532754843902538,6.756751039071765,7.1,1.234862117539839,95.56145128747002,4.91,,,,
93,7.1,11.709835225904984,1207.009784006109,1.0685048920030544,1.4485048920030545,6.923422504955546,7.1,0.2600757813992393,60.12469844675284,0.93,,,,
255,7.1,32.460932519925734,2233.5778162353954,2.3917889081176975,2.7717889081176974,18.622255168080564,7.1,0.7093316177420782,79.97856030000885,5.55,,,,
233,7,29.97174755262449,2047.2483482627183,2.188624174131359,2.588624174131359,17.1744979504436,7.1,0.7563847778167536,84.89585622463872,3.33,,,,
67,7,8.939963483319524,1017.2777359658105,0.8436388679829052,1.2436388679829053,5.313620609642667,7.1,1.3809856957677888,95.6211131376029,3.67,,,,
98,7,12.316160648031024,1099.6019601779235,1.0398009800889616,1.4398009800889615,7.197881304104474,7.1,0.3874431810587748,56.021477225644034,1.98,,,,
94,7,12.116856699369345,1054.2451153608995,0.9971225576804498,1.3971225576804498,7.055550907365122,7.1,0.9936653672602997,90.60725277013859,1.94,,,,
179,6.8,22.6032623739256,1799.402267183387,1.7947011335916936,2.2347011335916935,13.096332320554493,7.1,0.7091328389607507,60.966236015566544,2.79,,,,
59,6.5,7.863240420212566,734.520906053179,0.6622604530265894,1.1622604530265894,4.593880663132873,7.1,0.9500931680515469,78.9057764191959,2.59,,,,
166,6.5,21.27454361141257,1685.0217039075794,1.6725108519537897,2.1725108519537897,12.309782657660076,7.1,0.5438922234085168,81.72131785132805,2.66,,,,
162,6.4,20.81345353532458,1560.434119190124,1.590217059595062,2.110217059595062,11.996943827257352,7.1,1.5996485619177554,141.17821083890084,5.62,,,,
225,6.4,28.88124582809153,2263.637241341675,2.2568186206708374,2.7768186206708374,16.697441534716603,7.1,0.8295050158672461,85.42931098376926,5.25,,,,
187,6,24.25535585236113,1628.83206284639,1.7494160314231952,2.3494160314231953,13.87709395760376,7.1,1.1063689746528123,116.59487642847436,2.87,,,,
84,6.1,10.99494782542151,1014.6867651761337,0.9273433825880668,1.5073433825880669,6.424817295298822,7.1,0.9103240204415467,100.4400892673759,2.84,,,,
235,6.2,30.270556881104802,2196.774526628498,2.273387263314249,2.833387263314249,17.40866570386665,7.1,1.2901882557842144,110.99167185862129,5.35,,,,
116,6.1,14.997259731275452,1296.830103339078,1.228415051669539,1.808415051669539,8.727044917307264,7.1,0.9149785107892024,98.72866766893056,4.16,,,,
270,6.4,33.76712026539302,2385.561456454367,2.542780728227184,3.062780728227184,19.426340860923695,7.1,1.0600416359924378,90.72258143153114,5.7,,,,
191,6.1,24.138067118547564,1706.5601613499489,1.8082800806749744,2.388280080674974,13.877313639948756,7.1,1.173191394908673,90.73786648433773,5.91,,,,
72,6.5,9.075793588252534,890.6992024716571,0.8053496012358285,1.3053496012358285,5.343246395362096,7.1,0.9322872475583562,78.8018093486181,2.7199999999999998,,,,
200,6.4,25.620248127556433,1865.4553839084988,1.9327276919542493,2.4527276919542493,14.742851755732467,7.1,1.0673125475646763,77.17337794900993,2,,,,
261,6.7,32.686054182158145,2347.535359293805,2.4787676796469027,2.9387676796469027,18.821794770725976,7.1,1.1889435679242126,111.71450121130118,3.61,,,,
137,6.7,17.88691778517364,1606.9889026807657,1.488494451340383,1.948494451340383,10.431953343927203,7.1,1.0381148199314572,100.36311883575034,4.37,,,,
92,6.7,12.373039796484328,1246.1284673820282,1.0830642336910141,1.543064233691014,7.269584131933178,7.1,0.8620637226627073,85.44795080508786,2.92,,,,
195,6.8,24.660109550040726,1835.926792102525,1.8929633960512624,2.3329633960512624,14.223018171071626,7.1,1.5117826612682717,134.73052499863286,5.95,,,,
242,6.8,30.421381578120332,2092.1256578434604,2.2560628289217304,2.6960628289217303,17.466753617981897,7.2,1.461415314011592,136.6077494687187,6.42,,,,
220,7,27.862072805807998,2204.4485139600956,2.202224256980048,2.602224256980048,16.133260659884048,7.2,0.686575114189035,80.56765707972016,2.2,,,,
249,7.1,31.350991000767014,2413.7614420475547,2.4518807210237776,2.8318807210237775,18.127376221407285,7.1,1.6316743807747174,117.16381160803247,5.49,,,,
75,7.1,9.669068284287475,1069.4822336258235,0.9097411168129117,1.2897411168129118,5.744275258956649,7.1,0.3057973821110854,28.959437690887295,0.75,,,,
206,7.1,26.515639441910313,1985.9696453984393,2.0229848226992195,2.4029848226992194,15.280804543654376,7,1.4172166990763784,131.86743534273546,6.0600000000000005,,,,
285,7,36.1320778343478,2729.188825729563,2.7895944128647816,3.1895944128647815,20.85563333003868,7,1.0554029478320803,78.43498276558898,4.85,,,,
63,7,8.462974121524386,998.704395534512,0.814352197767256,1.214352197767256,5.045839258529449,7,0.9103446500349794,80.44136830216873,4.63,,,,
64,7.5,8.838622851435456,777.9946167889983,0.7089973083944991,1.0089973083944992,5.1283087341122275,7.1,0.32607621022552374,63.21672503398247,1.6400000000000001,,,,
288,7.8,36.54634689381736,2440.873507416676,2.660436753708338,2.9004367537083384,20.933610200617018,7.1,0.7798355116675469,61.34980172338791,5.88,,,,
141,7.9,18.050535112260665,1430.133176960161,1.4200665884800805,1.6400665884800805,10.445334144610413,7.1,0.3476230416525198,69.55262858245622,2.41,,,,
79,8.1,10.122735274871607,747.6095870420396,0.7688047935210198,0.9488047935210199,5.830172430956823,7.2,0.5449967299421622,48.789797256414055,0.79,,,,
270,8.4,34.59049471688774,2293.61067244704,2.4968053362235203,2.6168053362235204,19.79205269466739,7.2,0.7215033511371157,67.73320777050117,2.7,,,,
253,8.2,32.482659111528434,2410.924864914763,2.4704624324573814,2.6304624324573815,18.7117919882216,7.2,0.6564566201457991,75.70031044903953,2.53,,,,
113,8.3,14.892148518972556,1188.3132081762985,1.1591566040881491,1.299156604088149,8.605230863574427,7.2,1.3951717176524503,104.50064649445191,4.13,,,,
126,8.1,15.852302979639331,1187.8427847376386,1.2239213923688192,1.4039213923688194,9.150072882188486,7.3,1.1064174188762588,106.59787997032804,5.26,,,,
333,8.4,41.96637910996382,2753.9155048177568,3.0419577524088783,3.1619577524088784,24.02514730739079,7.3,1.5477150369859172,133.95833229312686,7.33,,,,
276,8.7,34.92469988093246,2600.3313926178125,2.680165696308906,2.7401656963089063,20.142515636775137,7.3,1.159386150832971,93.8819413516442,3.76,,,,
317,8.1,40.517849488431416,2808.1066682827477,2.989053334141374,3.169053334141374,23.247978078357082,7.4,1.7083580546160737,144.9181993861966,6.17,,,,
185,8,23.175646339423388,1865.8900730442501,1.857945036522125,2.057945036522125,13.445768206233819,7.4,1.1493822575802723,81.26169996997689,3.85,,,,
280,7.8,35.281081930610824,2577.4270796978712,2.6887135398489352,2.9287135398489355,20.329254505154346,7.4,0.8818402661069303,72.67409649862968,4.8,,,,
109,7.8,14.581350260503893,1049.0437161512414,1.0695218580756207,1.3095218580756207,8.360196988327568,7.4,1.2250100564736677,115.9506235013674,4.09,,,,
170,7.8,21.305085232322877,1604.9152844040184,1.6524576422020092,1.8924576422020092,12.305000258363448,7.4,1.4543620396842671,133.17044646042456,3.7,,,,
144,7.7,18.06166947335429,1299.823507347966,1.3699117536739829,1.6299117536739829,10.400746490351128,7.4,1.1174704762573717,114.28316952795704,4.4399999999999995,,,,
62,7.7,8.11798074730663,638.3148063330111,0.6291574031665055,0.8891574031665055,4.688147776819821,7.4,1.063087108549443,91.91140073006547,1.62,,,,
255,7.7,32.58433090351192,2216.228516017739,2.3831142580088693,2.643114258008869,18.67527970976483,7.4,1.4277094741505034,119.51798739733121,5.55,,,,
328,7.4,41.68354097865883,2708.3795406768477,2.9941897703384237,3.3141897703384235,23.83596025966784,7.4,1.3982569224688286,132.69192919306738,4.279999999999999,,,,
146,7.5,19.066825671323773,1469.143191622074,1.464571595811037,1.764571595811037,10.997984431472924,7.3,1.0174881196572754,77.08426341875108,3.46,,,,
236,7.5,29.839484771406543,2250.0480558272056,2.3050240279136025,2.6050240279136023,17.224766413616873,7.3,1.0656173886836164,85.06827809838421,4.359999999999999,,,,
137,7.3,17.635362220243007,1454.3924576550664,1.4121962288275332,1.7521962288275332,10.229877338949036,7.3,1.2357699998924287,122.61773999333059,4.37,,,,
294,7.1,37.70428825694801,2562.6658719307766,2.7513329359653884,3.1313329359653883,21.603477064439396,7.3,1.2403160645016804,96.89959599910418,5.9399999999999995,,,,
135,7.1,17.788436430562268,1589.8830586948607,1.4699415293474303,1.8499415293474304,10.364159744628564,7.3,0.8743796138273339,66.2115360572947,4.35,,,,
68,7.2,8.810832627334598,862.2716228947451,0.7711358114473725,1.1311358114473724,5.1765521251146716,7.3,0.7981658785313256,71.48628446894219,0.68,,,,
241,7.2,30.360735805643642,2002.3656199499057,2.206182809974953,2.566182809974953,17.386550712796776,7.2,1.1873641617884099,123.61657803088141,3.41,,,,
248,7.2,31.78282967454326,2201.5354398216823,2.340767719910841,2.700767719910841,18.232182557182472,7.2,0.8919127468115428,105.29859030231566,4.48,,,,
194,7.2,25.023434070138983,1910.452912348617,1.9252264561743084,2.2852264561743083,14.436943491243799,7.2,0.8998671432369664,68.79176288069192,5.9399999999999995,,,,
135,7.2,17.384813519890926,1246.8584382332374,1.2984292191166187,1.6584292191166186,9.990835979062082,7.2,0.3897147738974505,47.16231598164193,2.35,,,,
94,7.2,12.095022182122891,1162.8913752916192,1.0514456876458096,1.4114456876458097,7.098956778707255,7.2,0.2659494753393607,57.488867471040365,0.94,,,,
176,7.1,22.936015299106845,1805.0329485446243,1.7825164742723123,2.162516474272312,13.250524123825734,7.2,1.6239752275444121,130.68646410775355,5.76,,,,
85,6.8,10.806281870126055,929.9894759478154,0.8899947379739077,1.3299947379739079,6.293135673036935,7.2,1.0542127203831706,86.36118866375658,4.85,,,,
111,6.8,14.443441373089952,1340.4933651315769,1.2252466825657886,1.6652466825657886,8.446967369110764,7.2,0.6602327912048559,73.93443305470106,2.1100000000000003,,,,
165,6.9,21.57450636146929,1492.619394411096,1.5713096972055478,1.9913096972055477,12.358562877940193,7.2,1.2352292275677488,102.58421210920042,5.65,,,,
97,6.9,12.787759658241274,1227.841098810959,1.0989205494054795,1.5189205494054794,7.492800378526116,7.2,1.0501600416455719,95.10992258202546,3.9699999999999998,,,,
114,7.1,15.003486644145202,1285.2161719370024,1.2126080859685011,1.5926080859685012,8.714351408041102,7.2,0.6758177907196675,60.90070302461939,3.1399999999999997,,,,
336,7.1,42.81108081574514,3088.287010576199,3.224143505288099,3.604143505288099,24.62968391316067,7.2,1.2983920430020617,120.50030666612783,5.359999999999999,,,,
112,6.9,14.327330370258114,1202.294482956003,1.1611472414780017,1.5811472414780017,8.324812426607059,7.2,0.38100810652401884,60.62250260448917,1.12,,,,
319,6.9,40.32859655863572,2815.3729866354142,3.0026864933177073,3.4226864933177072,23.166984772635566,7.2,0.7765357076959432,59.14521387714848,6.1899999999999995,,,,
207,7,26.294805430278302,1949.2779366772547,2.0096389683386273,2.4096389683386272,15.157041683477779,7.2,0.7225860514814391,79.80033519184923,3.07,,,,
307,6.5,39.03071299576477,2875.904205737416,2.9729521028687076,3.4729521028687076,22.488308600751093,7.2,1.3107242402738968,102.2649028969816,7.07,,,,
222,6.4,27.915372559858636,2188.7530987112355,2.2043765493556178,2.724376549355618,16.162062829284935,7.2,0.9127921530302395,95.59311348787486,5.220000000000001,,,,
216,6.1,27.25902833567714,1817.0597568119827,1.9885298784059913,2.5685298784059913,15.618044046244561,7.2,0.9551718338303296,74.22065369748043,3.16,,,,
198,5.8,25.30984591260771,1867.210446581678,1.923605223290839,2.563605223290839,14.578528179594693,7.2,1.0904184962409151,114.60594676693674,4.98,,,,
246,5.7,30.80681572973422,2120.0225752435217,2.290011287621761,2.950011287621761,17.69341915248887,7.2,1.1008204832382185,108.25086996076955,4.46,,,,
241,5.8,30.95664893617197,2332.312234042662,2.3711561170213313,3.0111561170213315,17.849480585107315,7.2,1.321836181277892,109.9538432392293,4.41,,,,
183,5.7,23.517577866497664,1753.0898277228553,1.7915449138614277,2.4515449138614276,13.55033384711026,7.2,1.1896169094958808,94.75624838874461,1.83,,,,
106,5.4,13.979219493860015,1027.711608619321,1.0438558043096604,1.7638558043096604,8.033465551239669,7.2,0.5073418326000974,44.455193621206035,3.06,,,,
313,5.5,39.61612896705956,2821.199995957693,2.975599997978846,3.6755999979788463,22.783664481508627,7.2,1.500307534566026,123.01906714309361,4.13,,,,
212,5.5,27.051229495939133,2077.176228748226,2.098588114374113,2.7985881143741134,15.62420286234368,7.2,0.9753160284948422,94.46959376668022,2.12,,,,
165,5.5,21.484938301815106,1479.0661747125366,1.5645330873562684,2.264533087356268,12.307002238263822,7.2,1.1140194025677044,81.06920295919767,1.65,,,,
233,5.4,29.238678321154556,2141.798055911582,2.2358990279557913,2.955899027955791,16.855238188533068,7.2,0.8968848291134004,104.60685940503083,2.33,,,,
95,5.4,12.29516695952813,892.3003514907441,0.9211501757453721,1.6411501757453721,7.068733655509437,7.2,0.670001566529866,60.54009712485169,0.95,,,,
170,5.5,21.316201488156008,1543.6044922656724,1.621802246132836,2.321802246132836,12.27990299021084,7.1,0.6464739920291552,64.08138750580763,2.7,,,,
263,5.6,32.95985406936139,2227.510952300406,2.428755476150203,3.108755476150203,18.9086825108309,7.1,0.8413880749145801,99.16606064470398,2.63,,,,
221,5.6,27.75963836836609,1934.0975788386977,2.0720487894193487,2.752048789419349,15.951867973602393,7.1,1.2832014674840275,89.55849098400971,3.21,,,,
329,5.6,41.26586827979384,2825.483833347218,3.057741916673609,3.737741916673609,23.69067605657053,7.1,1.3459541063502112,108.44915459371309,4.29,,,,
250,6.2,31.70087924508064,2185.454513195,2.3427272565974997,2.9027272565974997,18.19316687913782,7.1,1.6323190742283062,145.203782602155,6.5,,,,
271,6.1,34.163399781343784,2237.1307864433147,2.4735653932216572,3.0535653932216573,19.55526528389355,7.1,1.299211863197435,130.55113551824098,2.71,,,,
260,6.4,33.41713326314241,2287.8622623148294,2.443931131157415,2.963931131157415,19.152497762728622,7.2,0.9330844686637949,70.85123705715529,3.6,,,,
133,6.3,16.746352467831713,1191.2738530055663,1.2606369265027833,1.8006369265027833,9.63381316041864,7.2,1.0758555803860925,81.70304598393774,1.33,,,,
288,6.5,36.03617570848251,2415.2428939259157,2.6476214469629578,3.1476214469629578,20.665709301204213,7.2,1.1294902019650512,98.02839252183318,2.88,,,,
196,6.5,24.718196660376346,1735.5281929433336,1.8477640964716668,2.347764096471667,14.20686242665984,7.2,1.242636259470303,97.0434480871588,4.96,,,,
57,6.5,7.13120602597318,876.1347736103371,0.7230673868051685,1.2230673868051685,4.288670399791759,7.2,0.7686845587335431,87.65844264147967,2.57,,,,
164,6.4,21.012707940631653,1415.7878923191624,1.527893946159581,2.047893946159581,12.034247916475408,7.2,0.7209851803980577,69.70108118467958,4.64,,,,
331,6.4,41.962688282117924,2822.6866734913115,3.066343336745656,3.586343336745656,24.04768747780462,7.2,1.2583339394861075,89.01670424813867,5.3100000000000005,,,,
68,6.4,9.023004481665545,1038.4262778632637,0.859213138931632,1.379213138931632,5.3707153797644045,7.2,1.4821172046483055,131.89126668819495,4.68,,,,
172,6.5,21.9703278231455,1505.160325035021,1.6125801625175105,2.1125801625175105,12.59774407409026,7.2,1.1271445927714132,93.88296475182761,1.72,,,,
335,6.5,42.84506251702487,2980.393876055542,3.165196938027771,3.665196938027771,24.587728196540205,7.2,0.8124322839468825,74.37080160470671,3.35,,,,
298,6.5,37.30873803229459,2715.141758002265,2.8475708790011325,3.3475708790011325,21.50193989514843,7.2,0.5219514915891066,46.36099247852461,2.98,,,,
139,6.5,17.83628647299349,1486.8497613255963,1.4384248806627982,1.9384248806627982,10.356568117159544,7.1,1.1368817867776837,92.48667078021639,4.39,,,,
135,6.5,17.672375138775383,1467.6872586040738,1.408843629302037,1.908843629302037,10.245031198689729,7.1,0.6132261804923196,79.02002319052382,2.35,,,,
265,6.7,34.01799554091112,2569.1157235364894,2.609557861768245,3.069557861768245,19.618555632223806,7.1,0.57531407078967,49.66947238895954,3.65,,,,
322,6.7,40.77945381260311,2750.3261363813926,2.9851630681906967,3.4451630681906966,23.374889974492252,7.1,1.640222432707833,140.69379082788566,5.220000000000001,,,,
281,6.7,36.09962614621419,2703.17682106528,2.7565884105326397,3.2165884105326397,20.806401483639736,7.1,1.0005835463985762,90.03617987671171,2.81,,,,
239,6.7,30.18705887547293,2260.5976502793214,2.3252988251396607,2.7852988251396607,17.418828262876126,7.1,1.241195740268667,115.95413589665736,6.390000000000001,,,,
349,6.7,44.055916608640366,3097.4668297357025,3.2937334148678516,3.7537334148678516,25.321691719188035,7.1,1.0021921162670324,93.13591120855601,4.49,,,,
215,6.8,27.612652782598822,2066.984472521127,2.108492236260563,2.548492236260563,15.914818627559974,7.1,1.5502181429445128,142.11352486255979,5.15,,,,
85,6.8,10.704404999302334,1005.6731099567447,0.9278365549783723,1.3678365549783722,6.280039054629539,7.1,1.131152943984198,86.13148252702028,4.85,,,,
295,6.8,37.503715767431565,2761.2303775807572,2.8556151887903787,3.2956151887903786,21.60747307250616,7.2,1.5633040744311255,127.92485261472979,5.95,,,,
297,6.8,37.99311823729402,2517.573330712229,2.7437866653561147,3.1837866653561147,21.740345784003125,7.1,0.7714891497781347,67.83232728624435,2.97,,,,
281,6.9,35.288693993418356,2518.899027591938,2.664449513795969,3.084449513795969,20.308796510505147,7.2,0.9087963723668098,67.34537508674221,5.8100000000000005,,,,
68,6.9,8.575586153710315,707.6863415300395,0.6938431707650198,1.1138431707650196,4.981636247620178,7.1,0.8624660655563996,75.47289606449678,1.6800000000000002,,,,
143,7,18.673381400426592,1260.7496468264487,1.3453748234132243,1.7453748234132243,10.68206552362652,7.1,0.9066057263061946,105.20955503098406,2.4299999999999997,,,,
271,7,34.64911577275019,2487.2451779105118,2.598622588955256,2.998622588955256,19.92318047533035,7.1,1.001200142646332,96.07440884407258,2.71,,,,
184,6.9,23.499588485364157,1571.9744860925778,1.7059872430462888,2.1259872430462887,13.455781485728368,7.1,1.5296356763630825,112.83741193451111,5.84,,,,
315,6.8,39.87741405961225,2807.3996716959596,2.97869983584798,3.41869983584798,22.917406865654105,7.2,0.900856989842252,77.85313337021962,4.15,,,,
158,7.2,19.905847855441152,1485.1625670373514,1.5325812835186756,1.8925812835186755,11.485505211239252,7.2,1.421063031011605,125.10590792271951,5.58,,,,
253,7.4,31.836750049018562,2448.878503039151,2.4894392515195753,2.809439251519575,18.407814276028855,7,1.312823742554473,130.39507203837735,3.53,,,,
203,7.5,26.14959750050364,1797.2750450312255,1.9136375225156126,2.2136375225156124,14.988436272767432,7.1,0.8016354188125668,97.70139596637915,6.029999999999999,,,,
299,7.5,37.77817497693106,2670.246848569726,2.8301234242848627,3.1301234242848626,21.719210912750395,7.2,1.4134434074608435,109.63349126257229,3.99,,,,
221,7.5,28.58287243401538,1891.1380909089535,2.050569045454477,2.3505690454544768,16.342005262462166,7.2,0.9915125488027652,111.47377802577144,5.21,,,,
64,7.5,8.587460644884755,646.4225599828549,0.6432112799914275,0.9432112799914274,4.936941602433805,7.2,0.6025596035773366,80.35869542179486,3.64,,,,
279,7.4,35.647176645220775,2643.124952003688,2.716562476001844,3.0365624760018437,20.54015079861223,7.2,0.9164202024442397,79.81805255154286,3.79,,,,
89,7.4,11.17280653348324,1018.7140050759608,0.9543570025379804,1.2743570025379802,6.5407602692796,7.2,1.053360234871959,93.30833456206146,1.8900000000000001,,,,
331,7.1,41.392752705349395,2761.3506677316623,3.0356753338658313,3.415675333865831,23.73205168654053,7.2,0.9052737269422257,77.126971070418,3.31,,,,
78,7.1,10.430800798552921,968.7096495102811,0.8743548247551406,1.2543548247551406,6.0897552240316015,7.2,0.5910103169873221,78.64263965321396,1.78,,,,
121,7.1,15.167349011216997,1138.3756386954537,1.1741878193477269,1.554187819347727,8.757862324956225,7.2,0.9928778313932506,88.55842554638153,2.21,,,,
138,7.1,17.749568217742894,1536.4732295000595,1.4582366147500296,1.8382366147500298,10.333020723621477,7.2,1.1646154258171886,84.20615640066569,1.38,,,,
280,7.1,35.98269714875445,2703.927223222776,2.751963611611388,3.131963611611388,20.74331218598861,7.3,1.349443724521207,132.66551092031483,2.8,,,,
263,7.1,33.527897041139525,2463.7296165506505,2.546864808275325,2.926864808275325,19.310813328845086,7.2,0.8075967050746783,75.07099571463004,5.63,,,,
160,7.1,20.567990795515353,1703.215429321952,1.651607714660976,2.031607714660976,11.935603112418653,7.3,1.6397056056370647,120.66174754949802,5.6,,,,
120,7.1,15.29677582836873,1171.4001013588613,1.1857000506794306,1.5657000506794307,8.834087964863796,7.2,1.5882571078555974,123.47194068704704,5.2,,,,
257,6.8,33.09290688154435,2215.7602266557496,2.392880113327875,2.832880113327875,18.939333554100052,7.2,1.0213061455139514,90.32098102186498,2.57,,,,
53,6.8,7.464918644781491,644.8249559764524,0.5874124779882262,1.0274124779882263,4.319871800378972,7.2,0.28532947930339636,44.690427716810575,0.53,,,,
320,6.8,40.58765590978228,2849.434666406501,3.0247173332032506,3.4647173332032506,23.31854528809439,7.2,0.8429507934679856,87.26294919501511,4.2,,,,
186,6.8,23.65017566240078,1756.3108910688484,1.8081554455344242,2.248155445534424,13.633243276734815,7.2,0.4545864049536802,46.18435710712817,2.8600000000000003,,,,
304,6.8,38.59313652956725,2740.7744648331695,2.8903872324165847,3.3303872324165846,22.186955497200213,7.2,1.2363037727601802,91.65083391113117,7.04,,,,
185,6.8,23.79452770731863,1801.260717853755,1.8256303589268774,2.2656303589268774,13.722894212586192,7.2,1.2304927686000238,102.29055165320148,3.85,,,,
178,6.8,22.806563678582947,1869.0069480721427,1.8245034740360713,2.264503474036071,13.227785313327544,7.2,0.6705609368892879,60.57477808713585,2.7800000000000002,,,,
174,6.5,22.03153464159301,1489.9551477787666,1.6149775738893832,2.1149775738893832,12.630744894685888,7.1,0.7230106698060322,60.826661527974,4.74,,,,
133,6.5,17.14964106630474,1346.2777461108938,1.3381388730554469,1.8381388730554469,9.912959406207817,7.1,0.858616501622801,66.23422310061366,4.33,,,,
248,6.5,31.37937863252463,2230.521475216527,2.3552607376082637,2.8552607376082637,18.04495005387058,7.1,1.075318880861789,104.66977061343093,3.48,,,,
169,6.5,21.8817991509555,1748.671547359241,1.7193357736796204,2.2193357736796204,12.660235349157372,7.1,0.7912819070735801,98.05947823856198,3.69,,,,
114,6.5,15.041039515770066,1119.544449977744,1.129772224988872,1.629772224988872,8.650291982873906,7.1,0.9077287352305082,75.2791815842915,5.14,,,,
220,6.5,27.62893747398075,1931.9941233868065,2.0659970616934036,2.5659970616934036,15.880465798683778,7.1,0.8779660597440242,93.4338957041295,6.2,,,,
95,6.7,12.217261666371241,1250.470223315017,1.1002351116575084,1.5602351116575084,7.208865944843129,7.1,0.8843360551189124,103.82883541737257,0.95,,,,
72,6.7,9.118482746748102,690.3459302983823,0.7051729651491911,1.165172965149191,5.264414338523242,7.1,1.2709741042003233,100.80039446042005,2.7199999999999998,,,,
117,6.7,15.381985074465106,1325.6830746168366,1.2478415373084184,1.7078415373084184,8.93883407454097,7.1,1.2833737604797668,117.56917314974554,5.17,,,,
194,6.7,24.521215383572024,1879.3153537814655,1.9096576768907327,2.369657676890733,14.170265368676745,7.2,1.1426326489175134,98.84322423288583,2.94,,,,
188,6.7,24.06313857947073,1825.9145919271853,1.8529572959635927,2.3129572959635927,13.884526585698959,7.2,0.3711559302991907,37.01166767854983,1.88,,,,
294,6.7,37.17751795352742,2414.0061131187,2.67700305655935,3.13700305655935,21.26576203332306,7.1,1.5156590827807042,130.97086313240368,4.9399999999999995,,,,
277,6.9,35.028992887007625,2452.7975589944726,2.6113987794972364,3.0313987794972364,20.12589522300105,7,1.4892388422868463,140.3328082217845,6.77,,,,
135,6.9,17.85827408733778,1399.2129934149423,1.3746064967074711,1.794606496707471,10.303743540376361,7,1.0648041115823519,83.01785491810581,3.35,,,,
129,6.9,16.582558470725164,1326.1186251849601,1.30805931259248,1.72805931259248,9.599338547955062,7.1,1.3938835212463068,103.42077831727102,3.29,,,,
145,6.9,18.738366482412147,1348.778721909553,1.3993893609547765,1.8193893609547764,10.76857260216085,7,0.7119026409432657,63.137963738482476,3.45,,,,
73,6.9,10.03541947003215,1097.1960071419933,0.9135980035709966,1.3335980035709967,5.931307738587071,7,0.9309976303014618,78.72185307869063,1.73,,,,
217,6.9,27.330342857277127,2032.4812571511818,2.101240628575591,2.521240628575591,15.766412057214154,7,1.06726593758342,87.17048813017203,5.17,,,,
280,6.9,35.922043801129206,2485.166715670011,2.6425833578350053,3.0625833578350052,20.603605258399607,7.2,0.5057285534414224,42.35517031336819,2.8,,,,
277,6.6,35.118656052173776,2612.3566752347742,2.6911783376173872,3.171178337617387,20.250506363704275,7.3,1.4741835542680493,103.39938036461905,5.77,,,,
187,6.6,23.9248362886109,1926.339849893876,1.898169924946938,2.378169924946938,13.860588069252389,7.2,0.792743291325765,88.15008406219744,4.87,,,,
238,6.6,30.570981561683205,2228.400856824359,2.3042004284121793,2.7842004284121793,17.589691209253782,7.2,1.304793226777661,111.89718006021498,4.38,,,,
237,6.7,30.21671058187668,2253.4360560763544,2.311718028038177,2.771718028038177,17.420073318976517,7.1,1.2953553514604987,93.31203179055092,6.37,,,,
292,6.7,37.126548802388825,2796.846025748107,2.8584230128740535,3.3184230128740535,21.421697414068465,7.1,0.9218121297746419,103.1523520460278,2.92,,,,
113,6.7,14.852766658677583,1360.8715328380101,1.245435766419005,1.705435766419005,8.671819095757796,7.1,1.009068640296248,77.56225569836738,2.13,,,,
329,6.7,41.31196732189735,2987.3419739576357,3.138670986978818,3.598670986978818,23.794654647927494,7.1,1.3376703339218006,132.93556070315162,5.29,,,,
185,6.7,23.198169987072777,1902.2865391985122,1.8761432695992561,2.336143269599256,13.475228263135644,7.1,0.7864898470538235,89.76237051733706,3.85,,,,
320,6.7,40.706932062258936,2830.8297878600542,3.015414893930027,3.475414893930027,23.368880925059496,7.1,0.6571725358057977,61.744697219959455,3.2,,,,
235,6.5,29.7483424867357,2202.3972341776134,2.2761986170888067,2.7761986170888067,17.150369860456657,7.1,0.7849222423517976,92.66517902581145,4.35,,,,
114,6.5,14.318409072316218,1365.7413624836054,1.2528706812418027,1.7528706812418027,8.412075217399911,7,1.3824418928276292,126.71139735531301,5.14,,,,
314,6.5,39.481516527639315,2832.8540247136375,2.9864270123568186,3.4864270123568186,22.727185276176478,7,0.9958315351515974,101.74155517939903,3.14,,,,
220,6.5,27.57597038887721,2157.7101641103873,2.1788550820551937,2.6788550820551937,15.966840276493798,7,1.3887966724144252,136.10539368969438,3.2,,,,
202,6.5,25.606165386351144,2071.582253953771,2.0457911269768854,2.5457911269768854,14.848873820152457,7,0.7782317057035669,81.25036575362114,4.02,,,,
229,6.5,29.43230682074779,2011.803022886363,2.1509015114431813,2.6509015114431813,16.867054921817076,7,1.4013138945084527,124.88146145952406,3.29,,,,
155,6.7,19.407864340256012,1438.2875890958728,1.4941437945479366,1.9541437945479365,11.198075964675942,6.9,1.2058039583248124,94.75984541613836,2.55,,,,
237,6.7,30.440272173813504,2307.296874776437,2.3386484373882186,2.7986484373882186,17.55878452429497,7,0.8680212114592774,71.81731511047519,3.37,,,,
114,6.7,15.234196247127887,1229.520167321929,1.1847600836609644,1.6447600836609644,8.801858207224909,7,1.051586240436611,106.19834690706988,3.1399999999999997,,,,
279,6.7,35.87224893490831,2666.0794339643153,2.728039716982158,3.188039716982158,20.664164184436316,7,1.499378441960397,114.96146340154462,6.79,,,,
282,6.7,35.822048477636116,2718.967005613439,2.7694835028067195,3.2294835028067195,20.680507741624776,7,1.4187347136574129,119.9615522467596,5.82,,,,
319,6.7,40.155897278236196,2954.6656312506443,3.0723328156253222,3.532332815625322,23.15028145474342,7,0.7922811278679952,61.121429927815704,6.1899999999999995,,,,
350,6.7,44.73265206165298,3111.4244278224846,3.3057122139112423,3.7657122139112422,25.67203824473773,7,1.6263929519342164,132.8363630199214,5.5,,,,
120,6.7,15.427542470721129,1356.50763318471,1.278253816592355,1.738253816592355,8.992025051952918,7.1,1.23411483689457,96.51511988746334,3.2,,,,
269,6.7,33.98152384636676,2546.854478474739,2.6184272392373695,3.0784272392373695,19.60918916242075,7.1,1.2945093334541684,121.25957867415845,5.6899999999999995,,,,
60,6.7,7.999420410629808,798.9640654590481,0.699482032729524,1.159482032729524,4.699192238044428,7.2,1.0772081173440575,86.78690327533157,1.6,,,,
229,6.6,29.03745443609606,2015.3221750379557,2.152661087518978,2.632661087518978,16.671388305567007,7.2,1.4587418813296154,106.44199664243615,4.29,,,,
62,6.6,8.496010614787782,865.7526581168424,0.7428763290584213,1.2228763290584213,4.990881636452312,7.3,0.2351696035445503,25.58051541976212,0.62,,,,
277,6.6,35.13291403409084,2655.240670113632,2.712620335056816,3.192620335056816,20.279077352102234,7.3,0.7542873205944725,60.765813876857294,3.77,,,,
160,6.6,20.85053738398139,1466.7333178068461,1.533366658903423,2.013366658903423,11.958635350894118,7.4,1.315581409901371,96.566047413885,2.6,,,,
318,6.6,40.08789091326712,2713.4492366225613,2.946724618311281,3.426724618311281,22.990670074944838,7.5,0.8763972400988164,91.33662888612662,6.18,,,,
312,6.6,39.30422434774205,2614.861909560007,2.8674309547800036,3.3474309547800036,22.51954312865103,7.4,1.358740061810004,114.24188383222025,3.12,,,,
248,6.6,31.25908468700577,2248.0632505943577,2.364031625297179,2.844031625297179,17.993573968800064,7.4,0.8928635974284993,68.35754304056695,4.48,,,,
86,6.6,10.80592969544842,928.967641117802,0.894483820558901,1.374483820558901,6.297448668283111,7.6,1.2310631599425281,92.32591591643674,2.86,,,,
59,6.5,7.835917279319896,886.8268713178336,0.7384134356589167,1.2384134356589167,4.656372075318865,7.6,0.936024691276017,100.03353085911306,3.59,,,,
79,6.5,10.301836282741663,1073.7138495299832,0.9318569247649916,1.4318569247649915,6.082775066135823,7.5,1.0558981143694968,95.4656830909088,0.79,,,,
318,6.5,39.87177954867707,2869.0503320179782,3.0245251660089894,3.5245251660089894,22.960414940347523,7.4,1.6846963484789343,134.45117360569392,6.18,,,,
345,6.5,43.135714822398974,2998.4143189887363,3.224207159494368,3.724207159494368,24.792064570693856,7.2,0.8241945835274233,80.10006417870025,3.45,,,,
93,6.5,11.689542225122413,1136.7516179575896,1.0333758089787948,1.5333758089787948,6.878146921540001,7.1,0.4528881726578266,47.07906670478525,2.93,,,,
190,6.4,23.97518047371328,1980.4611893702233,1.9402305946851115,2.4602305946851115,13.927820831541752,7.1,1.0089154727440168,105.55275931012903,3.9,,,,
192,6.4,24.14361628665227,1665.904209772441,1.7929521048862205,2.3129521048862203,13.864760248212356,7.1,0.7150731808156591,61.334537210570865,3.92,,,,
274,6.4,34.799794930119056,2270.5872856673814,2.5052936428336907,3.0252936428336907,19.90519110789322,7.1,1.3583786025389966,102.21947335741778,5.74,,,,
183,6.4,23.87404424033076,1950.1907429005073,1.8900953714502537,2.4100953714502538,13.827117491615635,7.1,0.8383290143420437,65.9763988892067,2.83,,,,
335,6.4,41.951957835436026,2755.0213857970334,3.052510692898517,3.572510692898517,24.028489610616532,7.1,1.5295683614186166,113.83323840795423,6.35,,,,
247,6.2,31.57923528709835,2261.9125878000978,2.365956293900049,2.925956293900049,18.155573937449223,7.1,0.5422185189163096,59.61754817281119,3.47,,,,
153,6.2,19.519083339545347,1334.1831670518116,1.4320915835259058,1.9920915835259057,11.19163325329858,7.1,0.28365370030446757,56.58652941887699,1.53,,,,
347,6.2,43.88354346424455,3058.779694783162,3.2643898473915813,3.8243898473915814,25.206161579513857,7.1,0.8804338729192134,104.58690012099123,4.470000000000001,,,,
296,6.3,37.49044899293578,2488.4078375620184,2.724203918781009,3.2642039187810092,21.4694284152489,7.1,0.5451056930710146,74.7965529704029,2.96,,,,
114,6.3,14.860080712222775,1266.3250041578121,1.203162502078906,1.743162502078906,8.633202858190293,7.1,0.5781127748341212,59.84299203971551,1.14,,,,
349,6.4,44.538984636769676,3031.4170474797197,3.2607085237398596,3.7807085237398597,25.5302008421247,7.1,1.676447957534177,130.93977336711896,6.49,,,,
93,6.4,12.148512633608794,941.2077832837452,0.9356038916418726,1.4556038916418725,7.00986020844627,7.1,0.9836017384669464,102.98330778495068,3.93,,,,
192,6.4,24.556989617823334,1822.5333563050467,1.8712666781525233,2.3912666781525234,14.14976148706419,7.1,1.3886985062865014,103.09930738976308,5.92,,,,
125,6.4,16.6097182986871,1316.8025345186002,1.2834012672593,1.8034012672593,9.58826041660285,7.2,0.6781221741989996,77.04357480033798,3.25,,,,
236,6.4,29.673084058348728,2304.731211617621,2.3323656058088105,2.8523656058088105,17.168907634983174,7.2,1.1457787871114649,91.03828480091082,2.36,,,,
336,6.5,42.929512824285126,3097.6297951056777,3.228814897552839,3.728814897552839,24.6935713096954,7.1,1.6115229903767605,123.91442540335915,6.359999999999999,,,,
347,6.5,44.31752565184703,3057.6865904145156,3.2638432952072582,3.7638432952072582,25.422606121130773,7,0.7878678717405786,76.84780804791588,4.470000000000001,,,,
120,6.5,15.220329425635022,1218.6604243893712,1.2093302121946856,1.7093302121946856,8.819494925012197,7,0.6384308884825198,84.58271508591622,4.2,,,,
192,6.5,24.12978970951526,1959.046961989946,1.939523480994973,2.439523480994973,14.004418335752604,7.1,0.751681607363779,77.60425965655429,3.92,,,,
285,6.6,35.9817080891669,2394.865901528348,2.622432950764174,3.102432950764174,20.613286995347625,7.1,1.324058080113847,102.09160096705853,6.85,,,,
256,6.6,32.847251174753445,2200.5295728347137,2.380264786417357,2.860264786417357,18.80389037379408,7.1,1.017461249713653,106.08259748224648,2.56,,,,
233,6.6,29.48794095933032,1949.2523394784798,2.13962616973924,2.61962616973924,16.8835966494044,7.1,1.662422885105524,145.0702188765425,5.33,,,,
139,6.6,18.095722332671613,1460.93478462564,1.4254673923128198,1.9054673923128198,10.473328558648626,7.1,0.5637627998947183,59.95329359347254,1.39,,,,
139,6.7,17.46822767042706,1545.0301155664777,1.4675150577832388,1.9275150577832387,10.201628892996768,7.1,0.7511336420605871,58.5702858077564,5.39,,,,
229,6.8,29.27763371931329,1994.213290597424,2.142106645298712,2.582106645298712,16.780923504955357,7.1,1.404767295949315,126.09557234885753,3.29,,,,
228,6.8,29.45695924836603,1972.3314733986938,2.1261657366993467,2.5661657366993467,16.854645360882362,7.1,1.101925430340904,105.31937668113605,2.28,,,,
272,6.8,34.41195866381379,2255.5414371564552,2.4877707185782274,2.9277707185782273,19.69375005048512,7.2,1.5366965452040389,109.27518580265041,4.720000000000001,,,,
315,6.9,39.51581982780518,2754.980829323921,2.952490414661961,3.3724904146619608,22.710400328564553,7.2,0.5715704001855866,61.43736481150637,3.15,,,,
108,7.1,13.59741016071654,1016.0394299644255,1.0480197149822128,1.428019714982213,7.846724795340483,7.2,0.58664725106784,51.37212956620608,3.08,,,,
252,7.1,32.12786530614343,2305.9276489808926,2.412963824490446,2.792963824490446,18.47689647756216,7.2,0.9330441885311478,73.84873968893116,3.52,,,,
279,7.1,35.25226944253152,2421.6407054369542,2.605820352718477,2.985820352718477,20.23195507398424,7.2,0.5819721467378887,84.0822730977491,3.79,,,,
290,7.1,36.52259564139436,2619.40092976645,2.759700464883225,3.1397004648832247,21.020998285580404,7.2,1.2406371521516117,110.91950343339992,3.9,,,,
52,7.1,7.391817210864442,734.2926670735953,0.6271463335367977,1.0071463335367978,4.323054938969019,7.1,1.1198076155768633,91.42807216576553,4.52,,,,
282,7.3,35.42505920454381,2314.353670681716,2.5671768353408577,2.9071768353408576,20.27970643761276,7.2,1.021903817723403,107.35803669885098,5.82,,,,
329,7.4,41.71416649056393,2884.278322414964,3.0871391612074817,3.4071391612074815,23.944222406489448,7.2,1.3210252814328176,129.90356744883468,5.29,,,,
146,7.4,18.362939069518035,1554.5022223101182,1.507251111155059,1.827251111155059,10.688720645914076,7.2,0.2753958724178721,45.07454408990807,1.46,,,,
64,7.4,8.923265834034106,940.2424817101146,0.7901212408550573,1.1101212408550571,5.25175415787211,7.1,0.3257030495391782,31.19358907142905,1.6400000000000001,,,,
148,7.4,19.194980760821895,1547.0888071709576,1.5135444035854788,1.8335444035854787,11.111034783996427,7.2,1.0055174694886504,105.34208310829632,5.48,,,,
279,7.5,35.21510374021841,2605.3364318935414,2.697668215946771,2.9976682159467707,20.305220086055975,7.2,0.8215530385658144,98.9362883910805,3.79,,,,
140,7.5,18.48193244414181,1588.8798115367922,1.4944399057683961,1.7944399057683962,10.735406127839301,7.2,0.935071498151264,78.97443288537838,1.4,,,,
222,7.5,28.54523272943024,1999.8044292246748,2.1099022146123376,2.4099022146123374,16.382518579327456,7.1,0.9537791400085157,88.13430668052797,5.220000000000001,,,,
113,7.6,14.329341929081107,1272.4191996030286,1.2012095998015142,1.4812095998015142,8.365880564342067,7.1,1.0846252023975973,86.24676254865103,1.13,,,,
269,7.8,34.340302396692394,2583.0987485949286,2.636549374297464,2.8765493742974644,19.80670057264366,7.1,0.5207282263477548,82.2851500335608,3.69,,,,
